TeamId,TeamName,SubmissionDate,Score
6259172,"narsil & David & tito","2021-05-11 14:29:33",0.61103
6212560,[red.ai],"2021-05-11 14:39:15",0.60249
6331053,"MPWARE & ZFTurbo & Dieter","2021-05-11 12:53:17",0.59776
6220611,PFCell,"2021-05-11 12:31:56",0.59692
6211473,bestfitting,"2021-05-11 16:28:57",0.59040
6293470,MILIMED,"2021-05-11 14:26:11",0.58455
6214658,"scumed&Mitotic Spindle","2021-05-11 16:13:55",0.57591
6732001,penguin,"2021-05-11 12:27:58",0.56134
6211199,"[Aillis] YujiAriyasu","2021-05-11 12:01:02",0.55977
6224211,Silvers,"2021-05-11 13:06:13",0.55853
6217621,"AllDataAreExt & Galixir","2021-05-11 11:47:10",0.55704
6362728,"CVSSP + forecom.ai","2021-05-11 12:32:33",0.55704
6278120,"Andrew Tratz","2021-05-11 13:40:59",0.55223
6212368,"[RAPIDS.AI] Cell Game [Rist]","2021-05-11 13:28:55",0.54915
6241728,"Looking for the lost cell","2021-05-11 14:45:38",0.54472
6219590,!,"2021-05-11 09:08:08",0.54394
6212120,"Guanshuo Xu","2021-05-11 15:20:09",0.54052
6322593,"Alexander Riedel","2021-05-11 09:14:59",0.53708
6213737,Tom,"2021-05-11 11:41:43",0.53587
6705839,"Histopathological Challenger","2021-05-11 09:13:56",0.53304
6281927,"Fumihiro Kaneko","2021-05-11 13:57:57",0.53185
6329612,Shai,"2021-05-11 15:31:57",0.53182
6217844,lifes2short,"2021-05-11 09:08:47",0.53095
6719479,SilverGuys,"2021-05-11 15:20:16",0.52991
6219303,Raman,"2021-05-11 17:09:25",0.52782
6211261,cool_rabbit,"2021-05-11 07:42:01",0.52694
6399399,yuvaramsingh,"2021-05-11 06:35:32",0.52676
6212246,Chenglu,"2021-05-11 01:04:41",0.51837
6300141,"Mikhail Gurevich","2021-05-10 06:23:00",0.51581
6544341,mTvT,"2021-05-11 13:07:33",0.51281
6217808,SIFLoc,"2021-05-11 08:11:42",0.50843
6447392,d-imanishi,"2021-05-11 05:17:44",0.50766
6338859,"Da Yu","2021-05-11 20:38:16",0.50738
6248018,PRBioimages,"2021-05-11 11:19:43",0.50249
6233417,"Maciej Sypetkowski","2021-05-11 16:11:41",0.49589
6562820,"Quoc-Hung To","2021-05-11 15:52:19",0.49545
6564381,taco,"2021-05-11 15:28:40",0.49329
6262047,"Oğuzhan Nefesoğlu","2021-05-11 14:53:17",0.48867
6317001,Darkate,"2021-05-11 21:58:47",0.48620
6448266,syuuuuu,"2021-05-06 03:18:49",0.48605
6324677,"the one true novice","2021-05-11 15:49:01",0.48499
6234324,"Martin Chobanyan","2021-05-11 13:25:59",0.48339
6211492,"Taku Hiraiwa","2021-05-11 16:06:43",0.48177
6290461,kawanot,"2021-05-11 12:12:12",0.47796
6336979,Amandak,"2021-05-11 14:46:08",0.47724
6330279,SHINO,"2021-05-11 13:43:38",0.47619
6378950,Lv97.5,"2021-05-11 14:41:38",0.47198
6588364,"Sunghyun Jun","2021-05-11 14:16:53",0.47143
6360562,"Mark Peng","2021-05-11 15:12:18",0.46645
6601950,"Manuel Campos","2021-05-11 13:47:09",0.46528
6330566,k-kanada,"2021-05-11 18:08:51",0.46192
6338413,Axel,"2021-05-11 19:01:56",0.46159
6506804,K.LI,"2021-05-11 13:43:36",0.46133
6687226,"[Deleted] 034cf967-10d4-411d-8a7e-24af8192df53","2021-04-30 14:17:52",0.46099
6394684,"Danylo-Ivan Kolinko","2021-05-11 22:14:41",0.45926
6320815,"Tadeusz Hupało","2021-05-11 15:26:59",0.45747
6321395,"Alexey Matveev","2021-05-05 19:22:41",0.45727
6327538,IKD,"2021-05-11 00:04:27",0.45527
6580068,"alan chen","2021-05-11 13:05:54",0.45454
6274960,fumitoks,"2021-05-11 22:20:13",0.45415
6741943,PIkachu,"2021-05-11 06:01:06",0.45308
6216828,Zoltan,"2021-04-12 04:35:05",0.45292
6259461,"Mohib-Ul-Haque Khan","2021-05-06 14:46:01",0.45242
6330081,Zekun,"2021-05-11 16:31:37",0.45107
6722760,YOLO!,"2021-05-11 14:30:43",0.45012
6560005,Kirderf,"2021-05-11 15:59:54",0.44998
6299621,"LeagueOfShadows [gslab.com]","2021-05-11 12:20:16",0.44993
6300140,badmiton,"2021-05-08 07:40:43",0.44967
6211494,"[Deleted] 6ece804f-404c-42ff-a8bc-62d315680992","2021-05-11 09:16:42",0.44671
6634451,"Puck Wang","2021-05-08 13:10:18",0.44509
6559953,Greg816,"2021-05-11 14:11:08",0.44502
6642796,"koh fna","2021-05-11 23:10:34",0.44501
6332516,Fractal_cucumber,"2021-05-11 16:06:32",0.44456
6727756,DataSanchez,"2021-05-11 06:46:56",0.44444
6300054,fff,"2021-05-11 14:04:13",0.44439
6478334,F.J.Martinez-de-Pison,"2021-05-11 13:00:49",0.44382
6343375,"Go Down Losses","2021-05-11 10:07:49",0.44353
6374198,cool-ton,"2021-05-11 22:10:20",0.44319
6697375,"[Deleted] 31942d02-9c7e-4afd-88e7-8fa04ba85dbb","2021-05-11 19:34:50",0.44313
6623037,lica,"2021-05-11 23:39:46",0.44312
6402522,"No expectations No disappointments","2021-05-11 09:50:16",0.44185
6298910,"Ryuya Mashiko","2021-05-10 16:23:25",0.44175
6662325,"omar hammemi","2021-05-11 22:41:20",0.44056
6211259,ITK8191,"2021-05-06 15:03:44",0.44011
6596539,"Ghassen Alaya","2021-05-11 19:00:51",0.43968
6225407,"Robin Smits","2021-05-04 06:42:40",0.43951
6496512,"Jim M","2021-05-09 00:27:39",0.43851
6504446,NUS_EE5934_G5,"2021-04-22 13:49:11",0.43813
6398027,Rai,"2021-05-11 06:03:54",0.43799
6317706,アフマドマウラナガニ,"2021-05-11 01:07:03",0.43760
6323278,"Voman Rygon","2021-05-11 13:05:02",0.43746
6567016,"Achmad Gani","2021-05-11 02:31:56",0.43733
6333689,dsohonosom,"2021-05-11 13:46:47",0.43729
6414557,measy,"2021-05-11 12:14:19",0.43710
6309300,"Minh Dong Le","2021-05-11 08:33:40",0.43709
6223006,"Marek Nurzynski","2021-05-11 18:50:33",0.43675
6211242,kohei-sato,"2021-05-11 18:06:23",0.43656
6311263,"Rising For Better","2021-04-12 13:56:50",0.43631
6227792,"Jyot Makadiya","2021-05-11 15:44:40",0.43595
6736230,er9213,"2021-05-08 14:42:41",0.43583
6229788,"Prashant Kikani","2021-05-11 15:33:59",0.43582
6211330,Giba,"2021-05-11 17:28:29",0.43555
6238730,yingAI,"2021-05-11 15:58:15",0.43540
6493346,xuxu_sky,"2021-05-11 14:52:23",0.43536
6357557,NaStroy,"2021-05-11 15:24:58",0.43525
6216731,"Duke Data Science Team","2021-05-11 20:05:22",0.43487
6231301,Jaskirat,"2021-05-11 19:02:42",0.43484
6710187,"Mike Kim","2021-05-11 22:12:28",0.43476
6375991,KR_Sogang_DMT,"2021-05-11 10:52:28",0.43452
6236823,"Jagadish Sivakumar","2021-05-11 15:14:08",0.43452
6554084,JSLim7,"2021-05-11 03:44:36",0.43442
6245777,"Hiroshi Sakiyama","2021-05-11 08:28:51",0.43420
6376487,"jiang zhencun","2021-05-11 07:39:05",0.43420
6551648,"Luya Wang","2021-05-11 11:23:39",0.43413
6733661,"Fares Sayah","2021-05-11 18:28:02",0.43413
6213038,"Kamal Das","2021-05-10 15:00:20",0.43413
6533580,"Victor #3","2021-05-11 18:29:39",0.43413
6706883,IDK,"2021-05-11 14:36:50",0.43397
6681362,yama09,"2021-05-11 02:33:47",0.43385
6229017,"Lawrence Chernin","2021-05-11 17:34:27",0.43385
6229477,andrekos,"2021-05-11 20:35:58",0.43385
6226343,"Chandan Verma","2021-05-07 04:07:18",0.43385
6222788,"kicchu parina","2021-05-10 20:20:22",0.43385
6515088,sskkaz,"2021-05-07 01:54:18",0.43385
6556497,Moore,"2021-05-09 04:55:13",0.43385
6414456,m_sidorov11,"2021-05-09 18:32:30",0.43385
6618353,shogo_asa,"2021-05-11 08:53:48",0.43385
6575345,"Ahmed Ewis","2021-05-11 09:02:10",0.43385
6228661,"Mukharbek Organokov","2021-05-11 23:33:55",0.43385
6211519,"Mathurin Aché","2021-05-11 18:58:32",0.43385
6221271,"Khanh Vu Duy","2021-05-10 19:50:26",0.43384
6720166,"[Deleted] a709a456-8d1f-4c68-8873-8696ce716bbe","2021-04-30 21:55:08",0.43381
6338891,esaeki,"2021-05-09 01:37:35",0.43379
6338948,zlannn,"2021-05-10 23:54:08",0.43379
6321688,senkin13,"2021-05-11 14:52:50",0.43379
6663523,alijs,"2021-05-07 19:28:48",0.43362
6244170,"Paulo Pinto","2021-05-10 23:18:25",0.43361
6290024,"Bishwajit Shil","2021-05-03 10:22:24",0.43323
6585267,ikakurage,"2021-05-11 19:26:02",0.43301
6612804,feBueno,"2021-05-11 13:09:06",0.43298
6303307,"[Deleted] c3b8ddc2-1016-402e-9bab-380b6355ade4","2021-05-08 19:58:22",0.43295
6721270,dogecoin,"2021-05-07 19:49:24",0.43280
6269805,santo,"2021-05-05 13:32:17",0.43259
6501192,"All Might_te","2021-05-03 22:09:58",0.43258
6247779,"Leo Lu","2021-05-11 03:40:43",0.43253
6224132,kojimar,"2021-05-10 18:12:37",0.43249
6334850,EE259_SP21_Mehta_Bhatt,"2021-05-10 18:19:22",0.43249
6215601,"Tensor Girl","2021-05-10 19:26:51",0.43249
6329366,"Heads or Tails","2021-05-10 23:47:30",0.43249
6212963,"Dmitry Kozlov","2021-05-10 23:58:23",0.43249
6500920,Pies,"2021-05-11 00:09:06",0.43249
6224445,yukim,"2021-05-11 01:16:21",0.43249
6323533,"Masoud Farivar","2021-05-11 00:43:33",0.43249
6585496,ryo0529,"2021-05-11 01:15:13",0.43249
6701775,"just submit public","2021-05-11 04:17:01",0.43249
6211793,"Naruhiko Nakanishi","2021-05-11 01:38:25",0.43249
6211614,"Bo Peng","2021-05-11 03:55:28",0.43249
6694750,"Wenjun Lin","2021-05-11 15:42:10",0.43249
6374995,"JIN WOO","2021-05-11 23:48:26",0.43249
6666075,biubiuG,"2021-05-11 02:57:59",0.43249
6244448,cold_star,"2021-05-11 03:20:15",0.43249
6572123,junchan999,"2021-05-11 06:09:43",0.43249
6726981,K.Mitsuhiro,"2021-05-11 04:04:55",0.43249
6738245,Dmytro,"2021-05-11 05:36:03",0.43249
6257164,"RAHUL SINGH INDA","2021-05-11 06:57:59",0.43249
6716178,LuzhangCV,"2021-05-11 07:55:59",0.43249
6307546,KSTEC_BIGDATA,"2021-05-11 08:11:58",0.43249
6214514,"Abid Ali Awan","2021-05-11 09:39:39",0.43249
6349000,"Μαριος Μιχαηλιδης KazAnova","2021-05-11 09:46:20",0.43249
6263772,"Marc Conway","2021-05-11 11:07:12",0.43249
6536141,"Shlok Sethia","2021-05-11 12:40:00",0.43249
6336553,Anything,"2021-05-11 12:43:39",0.43249
6707830,"Rishabh #2","2021-05-11 13:55:51",0.43249
6545525,MarcoAsensio20,"2021-05-11 14:13:05",0.43249
6214598,"Olga Ivanova ","2021-05-11 14:20:43",0.43249
6212701,"saurabh bagchi","2021-05-11 14:23:29",0.43249
6592863,Statking,"2021-05-11 14:42:22",0.43249
6214509,Miniones,"2021-05-11 14:45:36",0.43249
6539225,"SI Jiahua","2021-05-11 14:48:32",0.43249
6229296,Gena,"2021-05-11 18:33:23",0.43249
6574934,"Vishal Grover","2021-05-11 16:52:23",0.43249
6271163,Andrij,"2021-05-11 19:20:01",0.43249
6570261,AbdulBaseerMohammed,"2021-05-11 19:53:36",0.43249
6369282,天上掉下个小馅饼,"2021-05-07 08:34:37",0.43249
6488236,Jaydeep,"2021-05-06 09:29:56",0.43249
6612644,Nkaz,"2021-05-07 01:15:09",0.43249
6554441,U023,"2021-05-11 05:07:31",0.43249
6517197,"Avinash Abhinn","2021-05-11 20:00:39",0.43249
6466117,"[Deleted] 4e8ef018-a2da-4273-af18-0df9263d6e0b","2021-05-06 06:31:16",0.43249
6584246,"Eric A. Scuccimarra","2021-05-06 08:11:16",0.43249
6574034,hujianxin,"2021-05-11 04:19:53",0.43249
6736732,Nanashi,"2021-05-11 20:26:48",0.43249
6268272,KotaShimomura,"2021-05-06 10:13:37",0.43249
6535255,"[Deleted] a34c2874-7bd0-4543-9d51-b1b6a02623ca","2021-05-06 10:16:39",0.43249
6328153,study,"2021-05-11 14:14:28",0.43249
6304787,LeoProvorov,"2021-05-06 15:47:23",0.43249
6263654,"Koorosh Aslansefat","2021-05-06 21:38:28",0.43249
6211423,BIZEN,"2021-05-08 07:13:52",0.43249
6214091,"I love you RTX3090","2021-05-07 06:42:38",0.43249
6586049,"Ray Melius","2021-05-07 07:52:52",0.43249
6646261,"Zaicy Xu","2021-05-07 09:04:13",0.43249
6215592,AcidNets,"2021-05-07 10:11:11",0.43249
6538033,vanAmsen,"2021-05-07 10:52:23",0.43249
6644173,"TUSHAR SARKAR","2021-05-11 03:27:27",0.43249
6647357,"Akash Singh","2021-05-07 14:48:11",0.43249
6217696,"Rob and Randy","2021-05-09 16:10:50",0.43249
6696476,"Roman #3","2021-05-07 15:31:24",0.43249
6574706,"Rishi Chandra","2021-05-07 17:12:43",0.43249
6324899,"laxman kusuma","2021-05-11 09:27:45",0.43249
6588706,"Dianwen (David) Zhao","2021-05-08 08:00:06",0.43249
6651199,blendy2019,"2021-05-11 00:01:08",0.43249
6419345,Arseniy,"2021-05-08 10:12:25",0.43249
6452840,Yerniyaz,"2021-05-08 12:12:13",0.43249
6245206,rc95401,"2021-05-08 19:59:43",0.43249
6323498,yhchen2018,"2021-05-09 00:29:19",0.43249
6478786,"Krishnachur Ghosh","2021-05-09 11:31:08",0.43249
6287138,"Kishore M","2021-05-11 18:17:56",0.43249
6387773,"Abhishek Verma","2021-05-06 02:34:08",0.43211
6567437,NakedKoala,"2021-04-29 01:44:50",0.43208
6540539,"shunya iida","2021-04-26 03:55:09",0.43207
6554616,MasayaMatsuda,"2021-05-10 23:20:36",0.43190
6719241,kuroko1t,"2021-05-01 05:19:40",0.43190
6569640,"Pavel Proks","2021-05-03 23:51:00",0.43185
6728876,lha619,"2021-05-09 18:10:00",0.43185
6637673,"Subham Divakar","2021-05-09 15:52:51",0.43177
6448720,jamie_omoya,"2021-05-08 17:14:11",0.43176
6353609,Fnoa,"2021-05-10 09:10:21",0.43176
6211212,makogarei,"2021-05-06 16:05:42",0.43171
6248289,kidd,"2021-05-09 10:23:50",0.43167
6728888,tnt202,"2021-05-09 18:18:08",0.43165
6310799,MDSS,"2021-04-28 04:33:49",0.43164
6548419,TN2,"2021-04-27 07:38:53",0.43162
6588576,"Yida Lin","2021-05-10 06:55:01",0.43158
6370067,"Team Epoch Cifar","2021-05-03 09:51:40",0.43157
6217141,AndNov,"2021-05-09 23:16:51",0.43154
6331791,goldgaruda,"2021-04-25 10:47:33",0.43147
6235758,"Rischan Mafrur","2021-05-03 01:17:02",0.43146
6427818,bd,"2021-05-06 21:39:48",0.43146
6490175,"YUNUO CEN","2021-04-28 06:24:19",0.43145
6220852,"Antonio Marin","2021-04-29 09:44:49",0.43140
6448215,"Lior Toledano","2021-05-09 15:44:32",0.43140
6252803,"Gabriel Preda","2021-05-09 20:56:54",0.43139
6533826,JonathanWu0323,"2021-04-27 18:17:53",0.43133
6346906,"Shubham Thapa","2021-04-29 07:26:28",0.43132
6661749,CryingLemon,"2021-05-10 06:36:07",0.43128
6324516,"Nischay Dhankhar","2021-05-11 06:46:28",0.43125
6728882,lhc621,"2021-05-09 18:17:38",0.43121
6446310,"Siti Khotijah","2021-05-09 17:53:35",0.43121
6348535,"IIT Gang","2021-04-24 17:15:44",0.43118
6219872,Sparkz,"2021-05-05 18:04:32",0.43118
6212941,"Ivan Panshin","2021-05-10 17:25:52",0.43116
6349245,podsyp,"2021-05-11 14:11:22",0.43115
6460966,"Weiming Lin","2021-05-08 18:45:22",0.43113
6316309,Tung1807,"2021-05-10 07:15:08",0.43110
6390660,"Dad jokes","2021-05-11 14:01:26",0.43108
6663151,"Abuzar Rezaee","2021-05-01 11:04:31",0.43108
6369224,"dragon zhang","2021-04-29 08:05:00",0.43106
6232221,navneeth,"2021-05-05 14:39:49",0.43105
6262053,"Relue Constant","2021-05-09 16:53:52",0.43105
6608993,"Semyon Koshkarov","2021-05-05 08:02:37",0.43105
6686691,"Takahiro Saito","2021-04-30 06:16:31",0.43104
6314314,"Dmitry Sokolevskiy","2021-04-11 23:27:53",0.43101
6349420,"Sinan Calisir","2021-05-03 08:15:50",0.43099
6704420,"Navneet Mann","2021-04-28 10:48:14",0.43097
6261356,TY.Yang,"2021-05-10 02:56:46",0.43088
6739447,fatfit,"2021-05-10 23:24:10",0.43087
6300784,"Nuno Ferreira","2021-04-28 13:40:37",0.43087
6618423,ontheroad_2021,"2021-04-28 20:41:04",0.43086
6349339,"Gold Retriever ","2021-05-10 10:23:45",0.43086
6728828,kamoh89809,"2021-05-09 19:26:47",0.43083
6239177,PengBo,"2021-05-10 08:38:31",0.43080
6739236,"simple #2","2021-05-10 15:43:47",0.43079
6266177,Believen,"2021-04-30 15:29:00",0.43079
6590702,NoLogic,"2021-05-01 14:07:25",0.43079
6257163,kakumo,"2021-05-11 18:40:06",0.43077
6728717,JafarKristyan,"2021-05-09 19:26:29",0.43077
6728893,tov230,"2021-05-09 18:18:20",0.43077
6612264,"Tatiana Malygina","2021-05-02 03:16:19",0.43071
6372026,"Aristotelis Charalampous","2021-05-11 11:39:27",0.43070
6620064,"John Nesbit","2021-05-03 20:55:05",0.43067
6464545,"Yuriy Kochura","2021-04-26 06:56:50",0.43064
6279754,"Ivan Razmahnin","2021-05-10 20:04:37",0.43062
6656369,qzl,"2021-05-01 03:53:41",0.43062
6222687,"Lyubov Sobolevskaya","2021-05-10 22:38:20",0.43062
6493112,"Jeong-Yoon Lee","2021-04-30 23:17:33",0.43061
6245423,"Nobuo Onishi","2021-05-04 00:11:36",0.43054
6711619,"Old Potato","2021-04-29 07:34:14",0.43049
6728844,xitisik900,"2021-05-09 19:27:16",0.43048
6706790,ForcewithMe,"2021-04-28 13:42:48",0.43043
6301924,deoxy,"2021-03-02 12:34:27",0.43039
6348800,"Gábor Hollandi","2021-05-07 23:05:45",0.43036
6687701,shirakia,"2021-04-27 06:43:08",0.43032
6609833,student,"2021-04-27 16:52:31",0.43026
6254319,"Pontiac Bandit","2021-05-01 22:15:02",0.43018
6728885,lhf624,"2021-05-09 18:17:55",0.43015
6700169,VDA,"2021-04-27 16:50:44",0.43013
6403908,"Ahmed Ewida","2021-05-01 04:41:59",0.43011
6687738,"Patrik Florek","2021-05-09 14:50:14",0.43009
6405227,"Vicens Gaitan","2021-04-30 06:35:05",0.43009
6319698,"Anurag Trivedi","2021-05-11 10:58:21",0.43005
6218298,shoji,"2021-04-26 04:40:21",0.43005
6381777,"Salman Ibne Eunus","2021-04-30 18:28:37",0.43003
6707850,Richa,"2021-04-28 13:27:57",0.42996
6728834,dawoses647,"2021-05-09 19:27:03",0.42994
6726558,Mybuger_OVO,"2021-05-02 07:23:40",0.42991
6728711,sitigiv962,"2021-05-09 19:26:12",0.42976
6257677,"Akira Hirohashi","2021-04-30 07:22:03",0.42972
6246293,"Alberto Benayas","2021-05-09 20:01:34",0.42969
6261566,"MP&I Lab","2021-05-11 03:13:20",0.42969
6229023,StamatisMastromichalakis,"2021-04-30 00:27:56",0.42969
6225605,"Ashwani Bhat","2021-04-27 13:46:52",0.42963
6380752,JustDoIt,"2021-04-27 09:30:52",0.42952
6242767,Givan,"2021-05-10 08:52:10",0.42948
6685245,Zmazak0,"2021-04-24 00:26:10",0.42945
6643795,Bs004,"2021-05-01 07:48:27",0.42944
6702688,"Andrey Korzhun","2021-04-27 15:49:43",0.42934
6223067,"Firas Youssef","2021-04-29 23:45:59",0.42933
6717564,"Aditya Yuvaraj","2021-04-30 08:41:16",0.42927
6380664,"Varun Dutt 9213","2021-05-06 03:01:03",0.42915
6699497,"wenwen zhu","2021-04-27 01:52:26",0.42886
6580243,"Yuanyu Cho","2021-05-02 11:33:54",0.42877
6728901,tqz286,"2021-05-09 18:18:34",0.42874
6649860,zhangchenxi,"2021-04-23 04:00:54",0.42868
6375701,Tygs,"2021-05-07 08:25:00",0.42864
6597825,"Zahra ELHAMRAOUI","2021-05-02 14:06:29",0.42861
6611517,"Tom Keldenich","2021-04-27 12:21:34",0.42791
6520667,"Sietse Schröder","2021-04-24 17:01:32",0.42763
6472226,tnot_found,"2021-05-09 14:33:23",0.42731
6594728,DataKuro,"2021-04-07 02:31:39",0.42721
6673830,"Zhang Fei","2021-04-23 10:55:43",0.42714
6585386,Jackman8,"2021-05-11 08:52:09",0.42714
6422481,Wiseman.X,"2021-04-16 12:08:46",0.42707
6625366,"Huang Chenghao","2021-04-21 05:31:38",0.42703
6223539,"Wing Casuo","2021-05-11 14:39:40",0.42693
6236939,"Wang Jian","2021-04-08 03:43:26",0.42686
6246183,JIAZHEN1496,"2021-04-14 13:21:13",0.42679
6623515,"yuxuan zhao","2021-04-23 06:06:56",0.42677
6593163,"Denis Vyatkin","2021-04-21 18:02:02",0.42674
6612115,KennyTakahashi,"2021-04-10 23:55:54",0.42674
6621500,ssksskk,"2021-04-12 01:58:52",0.42670
6221680,"Ivan Furs","2021-04-08 20:35:24",0.42664
6608962,naivecat,"2021-04-13 09:37:47",0.42661
6211439,Take,"2021-04-29 05:03:58",0.42646
6623155,mr.alexpo,"2021-04-16 05:16:17",0.42645
6354495,kicksomeasphalt,"2021-05-08 16:19:16",0.42643
6499791,"X&Z Generation","2021-04-14 18:42:21",0.42643
6472534,"Arjun Behl","2021-05-11 14:48:07",0.42632
6494400,Group19,"2021-04-20 15:12:34",0.42630
6229494,Strideradu,"2021-04-28 16:58:17",0.42626
6650118,Wanglianjiaofu,"2021-04-23 04:54:02",0.42619
6598019,"Yao Jiang","2021-04-18 14:25:54",0.42618
6541552,"Pavel Kochergin","2021-04-25 13:57:53",0.42609
6321191,"Hai Nam Nguyen","2021-04-13 02:12:21",0.42605
6632011,"vria vria","2021-04-15 14:39:06",0.42602
6260561,kenakai,"2021-04-08 02:30:25",0.42599
6569530,"Shahriar Faghani","2021-05-11 13:32:39",0.42594
6264260,"Ira Novianti","2021-04-30 07:29:50",0.42591
6476742,wwis17,"2021-04-19 00:03:34",0.42589
6338215,DT,"2021-04-06 23:56:58",0.42588
6605302,"Tarit Sengupta","2021-04-11 18:25:41",0.42588
6323946,"Riku Suzuki","2021-04-07 14:22:15",0.42584
6241467,"Nived P A","2021-04-23 18:22:19",0.42581
6249660,"Miroslav Valan","2021-04-06 10:28:44",0.42578
6567908,"try more","2021-04-12 03:02:27",0.42571
6636678,XdawnGs,"2021-04-20 21:27:32",0.42567
6519802,"Varad Junnarkar #2","2021-04-14 14:05:34",0.42563
6214798,digimagi,"2021-05-11 13:55:10",0.42563
6619409,Oatoul,"2021-04-22 09:06:01",0.42561
6540672,Amaan,"2021-04-13 15:20:37",0.42559
6280487,"amino acid","2021-04-14 10:33:52",0.42554
6596259,"Abhay Chaudhary01","2021-04-16 16:22:26",0.42554
6341797,sh_,"2021-04-06 12:15:13",0.42547
6214565,Anf1s3n,"2021-04-13 04:08:26",0.42543
6336217,yasagure,"2021-04-21 08:48:09",0.42541
6322090,wptoux,"2021-04-09 02:48:29",0.42541
6350787,aikimind,"2021-04-13 07:42:51",0.42540
6327925,"Harsh Tripathi","2021-04-07 15:58:02",0.42535
6693068,"Nilesh Raj","2021-05-01 17:39:16",0.42534
6274853,"Benin Godfrey L","2021-04-20 12:50:37",0.42531
6458890,pranshu,"2021-04-06 08:29:00",0.42530
6410261,"Tanishq Gautam","2021-04-16 10:25:38",0.42528
6315451,Xavier,"2021-04-15 05:49:18",0.42527
6711309,Vj,"2021-05-11 07:38:24",0.42520
6246600,"Krishanu Singh","2021-04-14 15:20:11",0.42519
6352393,kojihay,"2021-04-24 07:56:06",0.42516
6603115,"Satwant Singh","2021-04-13 16:23:17",0.42499
6615810,"Matvey Bubnov","2021-04-11 10:36:17",0.42495
6499842,EE5934__,"2021-04-23 08:53:00",0.42493
6636428,"YI LIU-NTU","2021-04-19 05:24:15",0.42488
6651017,Amber_16,"2021-04-23 11:20:42",0.42484
6527600,"Protein Pro-Team","2021-04-27 18:02:49",0.42473
6678834,"Shiny Go","2021-04-25 11:36:28",0.42466
6213268,"Chan Kha Vu","2021-05-10 22:07:20",0.42448
6443695,"Shi Lou","2021-05-08 06:50:35",0.42425
6245462,VVS,"2021-05-02 08:24:48",0.42418
6218670,SkyLord,"2021-05-05 07:30:59",0.42417
6691751,antoreepjana,"2021-05-11 13:11:32",0.42412
6294349,Jebq,"2021-05-10 16:38:31",0.42411
6310108,weft169Aston,"2021-04-09 22:56:01",0.42410
6475968,EE5934_GROUP8,"2021-04-23 10:33:16",0.42381
6216938,ammarali32,"2021-04-07 00:36:07",0.42349
6681088,qiuzh001,"2021-04-23 10:17:09",0.42292
6217255,HK,"2021-05-02 02:30:33",0.42200
6712845,Wangluya,"2021-05-03 03:27:20",0.42190
6726092,Vaishvik,"2021-05-05 16:29:53",0.42144
6299440,daigo,"2021-04-13 22:42:39",0.41923
6344391,Youhei,"2021-04-19 06:15:18",0.41879
6597446,markunys,"2021-04-11 13:22:01",0.41650
6345718,518021910309,"2021-05-06 01:18:52",0.41378
6529951,Sumire,"2021-04-22 05:35:36",0.41345
6645950,liby2000,"2021-04-27 03:04:56",0.41323
6652056,"Ji Wong Park","2021-04-17 13:07:51",0.41255
6671880,cashmesh,"2021-04-21 10:44:35",0.41149
6327872,"Susnato Dhar","2021-04-24 11:12:11",0.41140
6213580,NeuronFFh,"2021-05-05 14:37:22",0.41137
6509955,Rijndael,"2021-04-15 16:51:48",0.41128
6640620,"Limited-Time Homework Rush Rush Rush","2021-04-19 11:49:09",0.41095
6639108,shigematsu,"2021-04-26 02:03:41",0.41042
6472207,"Vladyslav Shvydkyi","2021-04-21 21:27:24",0.41011
6546672,"Adrien Danel","2021-04-17 14:36:57",0.40988
6685468,"Pragyan Subedi","2021-04-26 07:44:34",0.40945
6310555,"Aramis Vesal","2021-04-29 21:46:58",0.40796
6463966,"Dummie Man","2021-05-06 22:04:10",0.40550
6222173,kulverstukas,"2021-04-17 18:25:39",0.40541
6639730,chlxyd,"2021-04-26 09:25:58",0.40524
6319708,cuicube,"2021-03-15 21:44:36",0.39895
6219740,"SeshuRajuP 🧘‍♂️","2021-04-26 00:03:00",0.39810
6344834,"Team KMS","2021-04-26 23:02:18",0.39564
6543519,Zeus,"2021-04-21 16:12:55",0.39467
6315856,siqi,"2021-05-11 11:00:32",0.39175
6677153,Yiamin,"2021-04-22 17:24:32",0.38841
6675518,"Hossein #2","2021-04-25 20:37:04",0.38545
6691942,liuyong0705,"2021-05-11 03:45:07",0.37914
6362442,"Adam Jalkemo","2021-04-19 17:19:53",0.37558
6476372,666,"2021-04-27 06:49:33",0.36780
6677781,Liuakko,"2021-04-23 06:26:47",0.36772
6531328,QuantumDamage,"2021-04-03 14:34:50",0.36552
6324287,wafflebufflo,"2021-05-09 13:33:14",0.36461
6531730,"Roman Weilguny","2021-03-28 11:39:35",0.36452
6514300,"Pritesh Shrivastava","2021-04-10 11:20:34",0.36369
6641845,Mary0411,"2021-04-18 07:59:24",0.36350
6425088,"Phil Lee","2021-04-09 14:23:00",0.36203
6540649,Necofuryai,"2021-03-29 07:40:53",0.36190
6569066,"Vladislav Kolesov","2021-04-05 07:27:50",0.36078
6310404,Wasted,"2021-03-13 15:35:21",0.36055
6276030,fate,"2021-04-03 10:43:52",0.35823
6213615,Zhiling9681,"2021-04-04 11:32:26",0.35779
6405599,Hiroyuki,"2021-05-08 16:49:21",0.35775
6219693,UET,"2021-03-29 13:25:00",0.35617
6423008,melong,"2021-04-22 15:29:27",0.35617
6384806,"Ashish Singh","2021-03-03 09:41:03",0.35610
6280621,"Atharv Yeolekar","2021-03-05 15:12:31",0.35597
6234286,VarunAgarwal4,"2021-03-07 17:09:22",0.35591
6407552,gokuma,"2021-03-24 07:26:51",0.35557
6344712,"dhaqui the kaggler","2021-03-27 13:15:22",0.35554
6444932,"Saad Salami","2021-03-15 07:55:39",0.35536
6250529,"Team Protein","2021-03-03 08:37:29",0.35532
6221560,Shujun,"2021-04-10 22:26:20",0.35532
6625021,WHR216,"2021-04-16 11:07:44",0.35526
6380668,"Andy Penrose","2021-03-02 22:48:04",0.35522
6224234,ManolisPintelas,"2021-03-23 14:14:14",0.35515
6507830,"Gajendra Saraswat","2021-03-22 18:35:29",0.35512
6268738,TKDS,"2021-03-10 15:49:48",0.35508
6292663,"Bojan Tunguz","2021-03-04 00:40:18",0.35499
6390760,linhaihua,"2021-04-09 13:27:35",0.35494
6259952,"Karthikeyan S","2021-04-26 15:03:23",0.35493
6331737,madquer,"2021-03-30 08:45:14",0.35489
6626271,k_duxh,"2021-04-18 08:10:20",0.35473
6477679,上山打老虎,"2021-04-06 07:40:35",0.35472
6224238,Hound,"2021-03-03 01:51:15",0.35468
6244727,outrunner,"2021-03-18 05:12:01",0.35467
6517635,"Winne Lai","2021-04-12 02:46:54",0.35460
6282904,HyeonwooCHO9999,"2021-03-11 04:52:12",0.35460
6327904,"Cuboo Randell","2021-03-07 09:28:47",0.35452
6212555,YYama,"2021-03-03 03:54:57",0.35452
6409525,"lee jonathan","2021-03-26 00:47:15",0.35451
6362478,"Gilang Ardya","2021-03-09 12:36:33",0.35450
6326168,GTSP,"2021-03-04 12:57:40",0.35449
6217602,"Yaokun Lin","2021-03-10 03:49:37",0.35444
6456746,Tobi_Akin,"2021-03-15 07:56:13",0.35443
6552384,"Sayar Banerjee","2021-04-07 08:42:40",0.35443
6228774,"Thamalu Maliththa","2021-03-22 08:34:58",0.35426
6218328,"Niranjan Singh","2021-03-04 00:57:40",0.35416
6234753,"PC Jimmmy","2021-03-21 15:10:36",0.35415
6223216,"Chia-Ta Tsai","2021-03-25 16:35:14",0.35413
6379526,"Camilo Laborda","2021-04-04 19:54:13",0.35409
6285276,pinoyboyz,"2021-03-03 14:56:13",0.35405
6212351,masakiueba,"2021-03-08 01:32:54",0.35398
6323552,"Ofitserov Vladislav","2021-03-20 20:41:04",0.35395
6321292,gouda,"2021-03-03 05:48:01",0.35394
6301127,"seungho kuk","2021-03-09 23:17:01",0.35391
6429211,"Jordan Hoover","2021-03-10 04:54:04",0.35391
6211378,"[Deleted] 36eaec75-df2b-4417-8e14-5ae6b314012b","2021-04-01 13:55:54",0.35391
6525270,"Khamatnurov Ruslan","2021-03-25 10:13:47",0.35374
6476683,"Dewei Chen","2021-03-17 07:35:10",0.35365
6228716,"protein diversity","2021-03-15 18:18:26",0.35358
6366983,SamM,"2021-03-17 10:35:57",0.35350
6408833,"Simo Ryu","2021-03-07 09:00:47",0.35310
6414332,BIGTATO,"2021-03-29 15:08:52",0.35309
6540874,neurosisyphus,"2021-03-28 14:07:24",0.35300
6273890,theherowho,"2021-03-08 01:18:03",0.35299
6339271,BAP_AI_2,"2021-03-19 18:06:56",0.35255
6563859,"Koshiro Sato","2021-04-21 10:34:13",0.35241
6352206,Gao,"2021-04-24 14:37:36",0.35199
6331669,"[Deleted] c4e89e3c-1b63-4608-853f-fa74298ebfb9","2021-03-09 08:28:58",0.35166
6369000,hallazie,"2021-04-29 03:21:28",0.35157
6525404,"Grand Ward","2021-03-25 14:31:42",0.34984
6412611,"Tristan Wang","2021-05-08 16:20:51",0.34762
6211697,[retired]phalanx,"2021-02-06 10:06:25",0.34586
6453726,"Leon ","2021-03-15 16:01:49",0.34553
6296031,SH.S.A,"2021-04-08 09:07:31",0.34499
6230629,"[Deleted] 6fe5fbd1-c4b9-4f9f-8260-1a94d508437a","2021-02-25 11:04:55",0.34041
6232758,"Mohammed Amine Triki","2021-03-14 18:41:03",0.33653
6221481,"HARRABI Raouf","2021-02-15 21:03:45",0.33653
6288251,"Hiroaki coitzha sugezo","2021-02-16 01:37:51",0.33653
6221952,WuRuiqi,"2021-02-21 10:31:58",0.33653
6336486,"Seth Bata","2021-02-22 13:40:06",0.33653
6230194,"I'm trying","2021-02-24 03:23:06",0.33653
6312181,DmitryKustikov,"2021-03-01 03:20:30",0.33653
6308880,Autismmei,"2021-03-08 07:10:36",0.33653
6215671,NPU-SAIIP,"2021-04-19 09:15:54",0.33653
6340276,WCIS_LAB625,"2021-03-11 10:28:23",0.33653
6447923,hanshow,"2021-03-29 16:29:31",0.33653
6554789,Blake_wys,"2021-03-31 04:16:55",0.33653
6554885,LauHowe,"2021-04-01 12:40:59",0.33653
6601041,WinneLai05,"2021-04-23 04:32:34",0.33653
6483120,ynhuhu,"2021-05-02 01:36:02",0.33653
6649213,offthewallace,"2021-05-08 06:08:07",0.33653
6217522,Genome,"2021-02-13 18:48:32",0.33653
6217681,"Niranjan Nakkala","2021-02-15 01:55:55",0.33653
6301923,BOSSBLeg,"2021-03-08 14:08:44",0.33653
6302446,"Eswar Chand","2021-02-15 08:08:40",0.33653
6307567,vv-break,"2021-02-16 06:06:41",0.33653
6307115,"Martin Bonardi","2021-02-16 17:23:42",0.33653
6310620,"[Deleted] #15","2021-02-16 20:31:36",0.33653
6273676,qhapaq49,"2021-03-12 20:55:20",0.33653
6313594,"Katsunori Nakai","2021-02-24 12:06:39",0.33653
6312968,"Sy-Tuan Nguyen","2021-02-22 10:48:26",0.33653
6316163,"Hitesh kumar ","2021-02-18 03:17:34",0.33653
6281840,"Yutong Sun","2021-03-08 02:09:14",0.33653
6321422,pixChen,"2021-02-19 04:07:31",0.33653
6324278,Obel,"2021-02-19 15:09:36",0.33653
6328566,kambehmw,"2021-02-20 15:46:26",0.33653
6236792,km,"2021-03-09 08:22:31",0.33653
6264129,rw-nue,"2021-02-21 13:21:21",0.33653
6335273,"Tuấn Lương","2021-02-22 08:26:43",0.33653
6337396,BlackSquirrel,"2021-02-22 17:06:05",0.33653
6230648,hattyoriiiiiii,"2021-02-25 12:40:58",0.33653
6341732,"Pranav Uikey","2021-02-28 10:14:42",0.33653
6302886,Quan,"2021-02-28 18:56:38",0.33653
6293931,Luiz,"2021-03-01 17:50:42",0.33653
6283776,"Manoj Prabhakar","2021-03-21 18:10:11",0.33653
6379014,XiHongShiShouFu,"2021-03-06 06:18:36",0.33653
6296966,"Christina Young","2021-03-08 03:18:13",0.33653
6358319,lujiaweiaaa,"2021-03-10 03:12:09",0.33653
6263095,yyui,"2021-03-13 15:40:07",0.33653
6409276,"Alexey Krylov","2021-03-14 21:13:07",0.33653
6515978,cava,"2021-03-24 01:59:38",0.33653
6217508,"Canqiang Xu","2021-03-25 03:09:21",0.33653
6364613,"Wake me up","2021-03-26 17:12:56",0.33653
6651871,daidaikin,"2021-04-18 06:55:06",0.33653
6349169,PantsOfLuck,"2021-05-09 21:52:11",0.33653
6219703,"Rami Khreas","2021-02-27 21:04:38",0.33653
6533554,"Jason O. Jensen","2021-04-14 02:36:33",0.33246
6499428,"Fu Yuming","2021-03-25 05:56:06",0.33080
6227777,"Nikita Utin","2021-05-06 21:31:59",0.32963
6510574,RHiRaNo,"2021-04-14 06:13:08",0.32831
6320244,"Sebastian Paez","2021-03-18 06:44:03",0.32796
6311490,Erfan,"2021-05-10 18:59:26",0.32616
6270481,fnand,"2021-03-22 10:40:17",0.32495
6289100,single_cell,"2021-04-23 11:40:49",0.32360
6291907,Yuriy,"2021-05-10 20:12:50",0.32278
6252267,马老师发生甚么事了,"2021-02-24 15:02:17",0.32086
6505581,"sy chen","2021-04-23 07:53:03",0.30804
6636019,t3Ck,"2021-04-18 23:39:17",0.30753
6288627,Sokol_777,"2021-02-11 12:11:10",0.30718
6230666,"Mariam Mohamed","2021-02-13 11:31:24",0.30718
6293024,"Berdyshev Alex","2021-02-18 15:57:08",0.30718
6257667,"Pham Thi Quynh","2021-02-20 06:51:07",0.30718
6221439,"Ish Girwan","2021-02-23 11:22:37",0.30718
6339188,"Siyao Shao","2021-02-28 01:33:04",0.30718
6228903,BrandontheCoder,"2021-03-01 01:09:48",0.30718
6470109,Genesis,"2021-03-14 12:42:48",0.30718
6649733,afidofneiwf,"2021-04-17 08:25:18",0.30718
6658140,Ppggyyu,"2021-04-21 01:55:32",0.30718
6221197,stpete_ishii,"2021-04-25 04:05:40",0.30718
6360785,"Juan Eduardo Smith","2021-04-01 02:16:50",0.30718
6293099,"Miracle Creator","2021-02-12 14:37:40",0.30718
6319674,A7_Hameddine,"2021-02-18 23:15:48",0.30718
6333800,"So Jae Woo","2021-02-23 05:04:37",0.30718
6211278,"Roland Luethy","2021-02-26 04:14:25",0.30718
6213149,Neo,"2021-03-15 15:06:00",0.30718
6364241,Dhairyashah23,"2021-04-17 22:02:43",0.30718
6498632,telz,"2021-05-08 15:33:18",0.30627
6272354,KFurudate,"2021-02-11 21:19:50",0.30570
6219687,"Aviral Bhardwaj","2021-02-08 08:19:32",0.30570
6220836,Beans,"2021-02-08 10:51:42",0.30570
6275558,"Rodion Proskuryakov","2021-02-09 03:58:27",0.30570
6236707,NiNil974,"2021-02-09 05:45:06",0.30570
6234784,"Pratik Sharma","2021-02-09 17:00:57",0.30570
6220425,Zurkin11,"2021-05-02 19:04:42",0.29736
6216916,Kristian,"2021-03-08 08:17:48",0.29591
6231976,Sergey,"2021-02-09 02:05:58",0.29566
6282010,Jumpei,"2021-02-10 09:58:35",0.29566
6280742,b2b4,"2021-05-11 15:32:36",0.29193
6345619,"krishnava ghosh","2021-02-25 14:59:47",0.28859
6356237,"Nitian Lab","2021-02-26 07:39:33",0.28859
6378144,"Aleksandr Isakov","2021-03-02 12:22:14",0.28859
6376927,Shaozc,"2021-03-03 06:45:46",0.28859
6376220,jallle,"2021-03-04 04:16:48",0.28859
6369760,"Zongqing Hou","2021-03-04 09:56:23",0.28859
6303001,RSASHWIN,"2021-03-05 12:56:54",0.28859
6389512,"[Deleted] 2e8a5c52-4acd-47a4-b19c-972b53c36e1c","2021-03-10 19:17:33",0.28859
6369880,Momoku233,"2021-03-15 15:38:54",0.28859
6325984,SimpleEDU,"2021-03-24 02:10:08",0.28859
6393624,Show_team_CHO,"2021-04-12 15:50:14",0.28859
6495259,wangshuangxu,"2021-04-24 11:50:20",0.28859
6360880,sifanWangBirmingham,"2021-02-27 04:55:53",0.28859
6364948,Ghaiyur,"2021-02-28 04:12:12",0.28859
6224159,"Son Pham","2021-03-01 03:36:05",0.28859
6333886,BlueDolphinCA,"2021-03-01 03:41:52",0.28859
6225603,Aphrodite,"2021-03-01 08:32:18",0.28859
6269882,ry02,"2021-03-06 16:21:59",0.28859
6473791,"Alexander Kovalev","2021-04-22 11:13:47",0.28607
6319515,3404,"2021-05-09 21:12:57",0.28595
6217749,Elahi,"2021-04-06 16:31:45",0.27489
6260296,"V. Gates","2021-05-11 02:08:16",0.27259
6225397,"Assi Jakoby","2021-02-06 18:37:41",0.24740
6238994,Echo,"2021-02-01 03:01:13",0.22775
6678104,kianweiii,"2021-04-23 10:03:16",0.21791
6549915,EE5934_,"2021-04-23 13:35:49",0.21560
6226813,K.Amano,"2021-03-09 13:34:17",0.20614
6235782,🧐loneranger🧐,"2021-02-02 08:10:11",0.20160
6380667,"Zaakcii Ru","2021-05-08 13:04:41",0.19953
6219846,"Laura Fink","2021-04-30 14:57:56",0.19251
6217036,gody7334,"2021-04-10 11:24:50",0.18532
6240325,"chinmay Das","2021-02-02 15:02:04",0.17162
6241528,kfsky,"2021-02-21 07:27:58",0.17162
6250028,"Ning Zhang","2021-02-03 02:25:51",0.17162
6249918,komakiyyy,"2021-02-04 00:43:53",0.17162
6259726,paul77ms,"2021-02-04 23:57:03",0.17162
6656725,"Oniel Gracious","2021-04-21 06:55:29",0.15287
6537130,"Alex Kolu","2021-03-28 18:09:20",0.14218
6439115,"Michael Guyon","2021-03-11 10:13:45",0.14076
6707709,Cape,"2021-04-29 07:20:23",0.13806
6670555,bideli,"2021-05-05 04:57:08",0.13628
6358169,"Amit D","2021-03-23 13:24:20",0.13526
6254624,"Prince of tennis","2021-04-24 03:54:29",0.12987
6414233,"Kelly Lin","2021-03-08 09:36:18",0.12308
6629020,Lovejuly,"2021-04-13 09:05:44",0.12014
6238354,Luke,"2021-04-07 18:57:13",0.12012
6331516,viriditass,"2021-03-08 00:15:54",0.11978
6489845,trainandgain.ai,"2021-05-10 10:49:06",0.11622
6220131,"Azen Tech","2021-02-01 18:31:59",0.11569
6598290,jrrr259,"2021-05-11 16:10:17",0.10786
6412657,"aki fuku","2021-04-15 08:31:51",0.09211
6219859,"Matthias B","2021-05-11 19:52:07",0.08524
6220019,"Shaun Spinelli","2021-03-14 02:39:52",0.08286
6591716,Blonix,"2021-04-08 06:56:45",0.07507
6214314,kf,"2021-03-31 22:59:31",0.07404
6302724,Manuel,"2021-02-27 09:51:03",0.07233
6236836,"soham mukherjee","2021-01-31 16:34:05",0.06829
6232468,"Bibhas Mondal","2021-05-08 03:49:27",0.06475
6443942,XPU_WG_1,"2021-03-27 08:35:17",0.06163
6469950,musicbeer,"2021-04-13 00:27:23",0.05805
6484978,ee5934-g9,"2021-04-24 16:41:14",0.04713
6322365,"Philip Hucklesby","2021-05-11 08:30:38",0.04710
6292404,glopezzz,"2021-04-15 10:56:52",0.04651
6465585,"Adrian Bratu","2021-05-09 16:53:04",0.04510
6601085,yanqm18,"2021-05-08 01:47:05",0.03817
6354179,"ismael kaissy","2021-03-01 10:07:33",0.03556
6348875,"Danylo Kasianenko","2021-03-24 22:05:51",0.03485
6233085,acb11,"2021-03-12 17:59:16",0.03325
6232590,seefun,"2021-04-19 13:39:40",0.03151
6263135,"Ayush Thakur","2021-03-26 08:22:41",0.02930
6308472,"Chris Thomas","2021-02-16 14:48:42",0.02854
6344000,"Ginko Balboa","2021-03-26 09:13:07",0.01801
6214080,biicarl,"2021-02-05 06:27:51",0.01794
6216888,SV2482,"2021-01-31 01:06:39",0.01699
6235666,k.ai,"2021-03-15 11:08:50",0.01699
6234613,ju2ez,"2021-02-12 14:34:26",0.01699
6357892,heran,"2021-03-20 02:46:32",0.01699
6448781,fauxsmart,"2021-03-28 11:40:59",0.01699
6296865,"Jean Descamps","2021-04-04 11:30:35",0.01699
6556422,"Kunchidsong Phosri","2021-05-01 02:55:00",0.01699
6217740,"Jude TCHAYE","2021-03-07 04:54:47",0.01459
6299647,ПавелКаменев,"2021-04-18 20:01:29",0.01396
6679623,SaidLLLL,"2021-04-23 22:36:55",0.01246
6496480,"R Shimazaki","2021-05-10 09:14:19",0.00849
6337639,GhostSolvro,"2021-05-11 17:41:47",0.00617
6510622,"Mai Vu","2021-04-27 04:27:00",0.00570
6351315,MiloToor,"2021-03-16 09:11:09",0.00562
6239801,Kitemetric,"2021-03-14 12:52:56",0.00351
6538299,mwhalen18,"2021-04-30 11:32:01",0.00159
6216166,WhatsInTheName,"2021-04-30 18:44:22",0.00054
6303036,EASE,"2021-03-02 18:41:33",0.00046
6310716,"Devon Stanfield","2021-04-20 18:48:45",0.00014
6211732,zzy,"2021-01-30 02:19:33",0.00003
6240723,winu,"2021-05-11 15:44:10",0.00000
6211676,sample_submission.csv,"2021-01-19 21:08:02",0.00000
6211293,"Nigel A. R. Henry","2021-01-27 20:02:35",0.00000
6213094,DrCapa,"2021-01-27 07:44:06",0.00000
6215896,"I Made Dwijaya Maleh","2021-01-27 17:17:06",0.00000
6217852,"Gustavo BB","2021-01-28 03:30:44",0.00000
6212793,guochangZhang,"2021-01-28 10:06:24",0.00000
6220100,cyberia,"2021-01-28 09:58:08",0.00000
6213793,"Akhilesh D. Kapse","2021-01-30 15:14:39",0.00000
6220197,"Matthew P. McAteer","2021-01-28 17:00:21",0.00000
6226401,Muscle_Nishimi,"2021-01-29 10:24:56",0.00000
6232945,"Josh Wolff","2021-01-30 17:14:23",0.00000
6216913,"Hojae Lee","2021-01-31 00:41:20",0.00000
6230263,Armin25,"2021-01-31 14:43:13",0.00000
6232041,"Alexander Teplyuk","2021-02-01 04:49:05",0.00000
6243809,AramKoorn,"2021-02-02 21:00:34",0.00000
6237371,user,"2021-02-05 08:16:32",0.00000
6254767,G?3?X?,"2021-02-05 18:32:56",0.00000
6242739,"Daler Dzhabborov","2021-02-07 13:26:35",0.00000
6217664,hide-noji,"2021-02-11 04:01:03",0.00000
6281956,k_496,"2021-02-12 22:39:25",0.00000
6302235,"Markus F.","2021-02-17 08:20:41",0.00000
6330303,MagnusZhou,"2021-02-21 05:18:18",0.00000
6232954,batman717,"2021-02-21 09:39:41",0.00000
6331704,isolja,"2021-02-21 17:43:33",0.00000
6336045,"Anna Kropivnitskaya","2021-02-22 12:12:38",0.00000
6236037,vm&nt,"2021-02-22 12:58:08",0.00000
6328988,"Andrew Scholan","2021-02-23 20:30:57",0.00000
6345675,KinghtH0407,"2021-02-24 13:58:08",0.00000
6287069,がくかんせつしょう,"2021-02-25 02:40:25",0.00000
6347317,Pe4enIks,"2021-02-25 10:18:43",0.00000
6344425,"Masato Uchi","2021-02-25 12:40:33",0.00000
6302689,"Prem Chotepanit","2021-02-27 11:58:14",0.00000
6257579,DmitryViat,"2021-03-01 19:46:18",0.00000
6225629,ChaotianWu,"2021-03-12 19:29:13",0.00000
6391522,Agile,"2021-03-10 07:39:06",0.00000
6220233,"Jim Eric Skogman","2021-04-23 11:22:06",0.00000
6472387,Dmitriy_Kutsenko,"2021-03-17 14:37:08",0.00000
6217556,Ehsan,"2021-04-08 16:26:57",0.00000
6351965,nana酱,"2021-03-20 14:36:24",0.00000
6447440,"Sahin Isik","2021-03-23 17:32:53",0.00000
6211368,"Jonny Lee","2021-03-25 03:22:33",0.00000
6555490,JiajunChai,"2021-03-31 08:17:29",0.00000
6229523,DmitryPimenov,"2021-04-04 07:21:18",0.00000
6654109,sumisumi5397,"2021-04-18 10:31:31",0.00000
6221312,"Zhikun Han","2021-04-18 13:52:07",0.00000
6658434,"[Deleted] 87ef70bd-7cc2-41a7-84c5-e04d6e185008","2021-04-19 01:43:52",0.00000
6404247,ohmorimori,"2021-04-21 17:30:25",0.00000
6677170,木木来了,"2021-04-22 09:05:36",0.00000
6678911,Brijesh,"2021-04-22 15:54:53",0.00000
6549959,naoki831,"2021-04-28 01:55:04",0.00000
6426812,545,"2021-04-30 04:39:43",0.00000
6698795,"Harshit Sheoran","2021-04-30 00:56:11",0.00000
6367339,Joseph,"2021-04-30 15:35:28",0.00000
6721243,"Natsu Asai","2021-05-02 04:10:55",0.00000
6246317,Manish,"2021-05-04 07:13:12",0.00000
6285069,Sahana,"2021-05-03 16:53:59",0.00000
6529373,tsubobo,"2021-05-11 16:43:56",0.00000
6734018,su,"2021-05-03 19:10:27",0.00000
6668573,"ML Spring 2021 Project","2021-05-11 18:45:48",0.00000
